{"loss": [0.019830018281936646, 0.013190782628953457, 0.009699014946818352, 0.0078878840431571, 0.0067224144004285336, 0.0056282696314156055], "out_S_loss": [0.010317503474652767, 0.006907415110617876, 0.005130724050104618, 0.004170351196080446, 0.0035585977602750063, 0.003005351172760129], "out_E_loss": [0.009512519463896751, 0.0062833731062710285, 0.004568292293697596, 0.003717520274221897, 0.003163813380524516, 0.002622918225824833], "out_S_accuracy": [0.08849749714136124, 0.3544248640537262, 0.5042400360107422, 0.5946944952011108, 0.6547075510025024, 0.7123287916183472], "out_E_accuracy": [0.10067406296730042, 0.3711676597595215, 0.5479452013969421, 0.6368775963783264, 0.6886279582977295, 0.7497282028198242], "val_loss": [0.017295364290475845, 0.011794289574027061, 0.010692225769162178, 0.010311187244951725, 0.01041114330291748, 0.010551993735134602], "val_out_S_loss": [0.008960056118667126, 0.0061288513243198395, 0.0055499388836324215, 0.005345599260181189, 0.005377708934247494, 0.0054470147006213665], "val_out_E_loss": [0.00833530630916357, 0.005665437318384647, 0.005142289213836193, 0.004965587053447962, 0.005033436231315136, 0.005104980431497097], "val_out_S_accuracy": [0.16075949370861053, 0.41518986225128174, 0.4683544337749481, 0.49367088079452515, 0.5025316476821899, 0.5101265907287598], "val_out_E_accuracy": [0.1797468364238739, 0.4645569622516632, 0.5379746556282043, 0.5569620132446289, 0.5620253086090088, 0.5620253086090088]}