{
    "1": 0.6079470198675496,
    "5": 0.8429517502365185,
    "10": 0.9057710501419111,
    "15": 0.9337748344370861,
    "20": 0.9500473036896878,
    "25": 0.9583727530747398,
    "30": 0.965752128666036,
    "35": 0.9708609271523179,
    "40": 0.9743614001892148,
    "45": 0.9767265846736045,
    "50": 0.9788079470198675,
    "55": 0.9808893093661306,
    "60": 0.98240302743614,
    "65": 0.9835383159886472,
    "70": 0.9845789971617787,
    "75": 0.984957426679281,
    "80": 0.9857142857142858,
    "85": 0.9860927152317881,
    "90": 0.9867549668874173,
    "95": 0.9876064333017975,
    "100": 0.9877956480605488
}