{
    "1": 0.5137180700094608,
    "5": 0.7487228003784295,
    "10": 0.8332071901608326,
    "15": 0.8735099337748344,
    "20": 0.9018921475875118,
    "25": 0.9209082308420057,
    "30": 0.9349101229895932,
    "35": 0.9424787133396405,
    "40": 0.9503311258278145,
    "45": 0.9550614947965941,
    "50": 0.9583727530747398,
    "55": 0.9619678334910123,
    "60": 0.9642384105960264,
    "65": 0.9661305581835383,
    "70": 0.9677388836329234,
    "75": 0.9686849574266793,
    "80": 0.9704824976348155,
    "85": 0.9717123935666983,
    "90": 0.9735099337748344,
    "95": 0.9741721854304636,
    "100": 0.9746452223273415
}