{"loss": [0.019904961809515953, 0.014267946593463421, 0.010067373514175415, 0.00807454064488411, 0.0067870053462684155, 0.005665875505656004, 0.0048317923210561275], "out_E_loss": [0.009458526968955994, 0.006766053847968578, 0.004743761848658323, 0.003772325813770294, 0.0031910440884530544, 0.002624548738822341, 0.002186080440878868], "out_S_loss": [0.010446439497172832, 0.007501896936446428, 0.005323616787791252, 0.004302214365452528, 0.0035959635861217976, 0.00304132467135787, 0.002645711647346616], "out_E_accuracy": [0.10437051206827164, 0.3200695812702179, 0.5294629335403442, 0.6301369667053223, 0.6866710186004639, 0.7482061386108398, 0.7960426211357117], "out_S_accuracy": [0.09132420271635056, 0.2928897440433502, 0.4940204322338104, 0.588823676109314, 0.6542726755142212, 0.710806667804718, 0.7442922592163086], "val_loss": [0.017704686149954796, 0.01232408732175827, 0.010904193855822086, 0.010501634329557419, 0.01044594869017601, 0.010694426484405994, 0.010989023372530937], "val_out_E_loss": [0.008617540821433067, 0.006012532860040665, 0.005337152164429426, 0.0051346211694180965, 0.005115046631544828, 0.005237778648734093, 0.005388807505369186], "val_out_S_loss": [0.00908713974058628, 0.006311553530395031, 0.005567042622715235, 0.00536701176315546, 0.005330901592969894, 0.0054566459730267525, 0.005600216332823038], "val_out_E_accuracy": [0.13797467947006226, 0.4379746913909912, 0.5101265907287598, 0.5354430675506592, 0.5430379509925842, 0.5468354225158691, 0.554430365562439], "val_out_S_accuracy": [0.13670885562896729, 0.4025316536426544, 0.473417729139328, 0.49746835231781006, 0.5088607668876648, 0.5126582384109497, 0.5139240622520447]}